{
  "hash": "24561d17",
  "configHash": "f37de895",
  "lockfileHash": "f674eef0",
  "browserHash": "8d775c85",
  "optimized": {
    "@angular/core": {
      "src": "../../../../../node_modules/@angular/core/fesm2022/core.mjs",
      "file": "@angular_core.js",
      "fileHash": "5df5909e",
      "needsInterop": false
    },
    "@angular/platform-browser": {
      "src": "../../../../../node_modules/@angular/platform-browser/fesm2022/platform-browser.mjs",
      "file": "@angular_platform-browser.js",
      "fileHash": "80239991",
      "needsInterop": false
    },
    "@angular/router": {
      "src": "../../../../../node_modules/@angular/router/fesm2022/router.mjs",
      "file": "@angular_router.js",
      "fileHash": "0f8bd4be",
      "needsInterop": false
    }
  },
  "chunks": {
    "chunk-P5WB54LL": {
      "file": "chunk-P5WB54LL.js"
    },
    "chunk-BNOYPYPL": {
      "file": "chunk-BNOYPYPL.js"
    }
  }
}